<meta>
	<info author="Jonas" version="1.0.1" name="Configuração em Geral Tactics" type="script" description="Este script é a base de tudo do servidor." />
	<script src="client.luac" type="client" cache="false" />
	<script src="server.luac" />
	
	<file src="sounds/m4a1sd.ogg" />
    <file src="sounds/m240.ogg" />
    <file src="sounds/m107.ogg" />
    <file src="sounds/remington.ogg" />
    <file src="sounds/m1014.ogg" />
    <file src="sounds/deagle.ogg" />
    <file src="sounds/mp5.ogg" />
    <file src="sounds/silenced.ogg" />
    
    <file src="mods/m107.dff" />
    <file src="mods/m107.txd" />
    <file src="mods/m240.dff" />
    <file src="mods/m240.txd" />
    <file src="mods/m4a1sd.dff" />
    <file src="mods/m4a1sd.txd" />
    <file src="mods/remington.dff" />
    <file src="mods/remington.txd" />
    <file src="mods/m1014.dff" />
    <file src="mods/m1014.txd" />
    <file src="mods/deagle.dff" />
    <file src="mods/deagle.txd" />
    <file src="mods/silenced.dff" />
    <file src="mods/silenced.txd" />
    <file src="mods/mp5.dff" />
    <file src="mods/mp5.txd" />
	
	<file src="mods/team1.dff" />
    <file src="mods/team1.txd" />
    <file src="mods/team2.dff" />
    <file src="mods/team2.txd" />
</meta>
